codon,-7,-6,-5,-4,-3,-2,-1,0,1,2,3,4,5
AAA,-0.0215,0.0509,-0.0306,-0.0636,-0.1697,0.0796,0.0783,-0.2835,-0.1349,-0.0068,0.2748,0.0309,-0.0489
AAC,-0.0225,0.0299,-0.0382,-0.0265,-0.1454,0.0285,0.1955,-0.487,-0.0956,-0.0026,0.0535,-0.0173,-0.0231
AAG,-0.052,0.0098,0.1373,0.0697,-0.0813,0.2084,0.2939,-0.1236,0.1511,0.2894,0.3352,0.0654,-0.04
AAT,-0.0429,0.0433,-0.0031,-0.0076,-0.2065,-0.0305,0.1731,-0.5309,-0.2266,-0.0824,-0.0433,0.0239,-0.019
ACA,-0.0419,-0.0093,0.1185,0.0831,-0.1337,0.1647,0.1355,0.2425,0.0974,0.1598,0.1462,0.0211,-0.0246
ACC,-0.0233,0.0493,-0.1047,-0.1572,-0.2428,0.0443,0.0207,-0.4632,-0.1829,-0.1324,-0.1573,0.0385,-0.0274
ACG,-0.08,-0.0344,0.0377,0.1759,-0.0928,0.2167,0.203,0.7598,0.2188,0.3017,0.3984,-0.0473,-0.1027
ACT,-0.0315,0.0487,-0.0843,-0.0341,-0.1834,0.0957,0.0274,-0.4741,-0.1629,-0.0702,-0.1255,0.0221,-0.0126
AGA,-0.0178,0.0094,0.122,0.0626,-0.1575,0.3347,0.2106,-0.0762,0.1562,0.2434,0.4626,0.1172,-0.067
AGC,-0.0763,0.0395,-0.0091,-0.0085,-0.0021,0.2628,0.1475,0.0708,0.2472,0.2235,0.1882,0.1335,-0.1132
AGG,-0.0697,-0.0513,0.0832,-0.091,-0.2552,0.1821,0.0851,0.5597,0.0727,0.1276,0.2181,0.0971,-0.0997
AGT,-0.0044,0.0919,0.0865,0.0285,-0.1708,0.0838,0.1326,-0.215,-0.0622,0.0961,-0.0188,0.1303,-0.0916
ATA,-0.0163,0.0599,0.094,0.0152,-0.1027,0.2004,0.0818,0.1717,-0.1147,0.0141,0.0951,-0.0359,-0.0445
ATC,-0.0222,0.0219,0.0399,-0.0564,-0.1831,0.0885,0.085,-0.4683,-0.0443,0.0794,-0.0215,0.0254,-0.0318
ATG,-0.0393,-0.0279,0.0612,-0.0484,-0.1428,0.0657,-0.0082,-0.3702,-0.0402,0.0794,0.1156,-0.0046,-0.0045
ATT,-0.0506,0.029,0.0149,-0.0306,-0.1967,0.1141,0.0555,-0.598,-0.1543,-0.0271,-0.1336,-0.0569,-0.0645
CAA,-0.0385,0.028,0.1673,-0.0044,-0.0987,0.0465,0.1337,-0.3411,0.0191,0.0425,0.254,0.0042,-0.0072
CAC,-0.0311,0.1058,0.0979,-0.1681,-0.2357,0.0148,0.0931,-0.227,-0.0873,-0.0203,-0.0936,-0.0221,-0.0935
CAG,-0.0588,0.0505,0.377,-0.0399,-0.1338,0.101,0.3297,0.3492,0.2483,0.2168,0.2637,-0.0474,-0.0143
CAT,-0.0294,0.0717,0.1467,0.0272,-0.1742,0.0566,0.2517,-0.1847,0.0302,0.0571,0.0138,-0.019,-0.0702
CCA,-0.0492,-0.0276,-0.0352,-0.2176,-0.3531,0.1419,0.3238,-0.0421,-0.1393,-0.1465,-0.0957,-0.0368,0.0
CCC,-0.0402,-0.0016,-0.3407,-0.4984,-0.5996,-0.1381,0.0877,0.2482,-0.3318,-0.3051,-0.4417,0.0235,-0.0234
CCG,0.0399,-0.007,-0.0318,-0.2907,-0.4137,0.1791,0.4122,1.2426,-0.0593,0.0735,0.1687,0.0149,0.1637
CCT,-0.0421,0.0292,-0.1563,-0.2667,-0.42,0.1391,0.3256,-0.2087,-0.3617,-0.2822,-0.3606,-0.0555,-0.0269
CGA,-0.085,-0.0915,-0.0187,-0.1702,-0.3347,0.3216,1.355,1.6828,0.15,-0.1095,0.3182,-0.0024,0.1142
CGC,-0.1225,-0.0417,-0.1907,-0.4363,-0.4606,-0.0545,-0.1169,0.3002,-0.0982,0.0065,-0.1041,-0.2281,-0.2349
CGG,-0.1956,-0.0474,0.0491,-0.3273,-0.2812,0.1216,0.4965,1.1531,0.017,-0.0063,0.4274,-0.0227,0.0273
CGT,-0.06,0.0542,-0.0159,-0.1836,-0.3494,0.0885,0.0574,-0.2717,-0.0248,0.0725,0.0217,-0.1251,-0.0428
CTA,-0.0514,-0.0334,0.0603,-0.0741,-0.2236,0.0414,0.0147,-0.2697,-0.1197,-0.0715,-0.0332,-0.0955,-0.0493
CTC,-0.0131,0.0395,-0.0738,-0.3159,-0.187,0.0761,0.0996,0.0633,-0.347,-0.214,-0.3794,-0.0423,0.0124
CTG,-0.0568,0.0171,-0.0824,-0.1782,-0.2933,0.0348,0.0468,0.1345,-0.1906,-0.0873,-0.1207,-0.1437,-0.0838
CTT,-0.0679,0.0791,0.0637,-0.0366,-0.1428,0.0578,0.0136,-0.2661,-0.2207,-0.148,-0.2174,-0.0657,-0.0494
GAA,-0.064,-0.0142,0.0678,-0.0204,-0.1249,0.0345,-0.035,-0.305,-0.085,0.1305,0.3684,0.0779,-0.0384
GAC,-0.0643,-0.0106,0.0992,0.1314,0.0925,0.1586,0.2791,-0.2415,-0.0598,0.1704,0.3949,0.0714,-0.0874
GAG,-0.0866,-0.0232,0.171,0.0236,-0.1588,0.0948,0.0173,0.1517,0.0124,0.2142,0.2948,0.096,-0.0434
GAT,-0.0419,0.0216,0.1376,0.0604,0.0214,0.1404,0.3809,-0.2943,-0.0359,0.1416,0.2283,0.1103,-0.0442
GCA,-0.0569,-0.0145,0.0725,-0.0138,-0.0115,0.1307,0.1872,0.3404,0.2598,0.3092,0.4222,0.1516,-0.0394
GCC,-0.0315,0.0393,-0.2104,-0.3038,-0.3243,-0.1499,-0.1203,-0.525,-0.1633,-0.1029,-0.0844,0.1145,-0.0617
GCG,-0.0148,0.0208,0.0132,-0.0767,-0.1581,0.044,0.0065,0.5834,0.1209,0.302,0.241,0.0867,-0.0594
GCT,-0.0533,0.0422,0.0051,-0.0245,-0.1409,-0.0045,0.014,-0.4929,-0.039,0.0916,0.0603,0.1167,-0.0379
GGA,-0.0642,-0.0588,0.0008,-0.1317,-0.1623,0.0847,0.3853,0.4116,0.01,0.1594,0.5131,0.0878,-0.1055
GGC,-0.0637,0.0012,-0.0822,-0.0601,-0.0951,0.0225,0.123,0.2534,-0.0034,0.1489,0.3966,0.1693,-0.0364
GGG,-0.0709,0.0046,-0.0289,-0.2059,-0.1773,0.0188,0.269,0.6892,-0.0194,0.1169,0.2164,0.0346,0.0068
GGT,-0.032,0.0314,0.0645,-0.0835,-0.1292,0.0984,0.355,-0.1284,-0.0398,0.1184,0.2708,0.1017,-0.0795
GTA,-0.1421,-0.0584,-0.0341,-0.1831,-0.188,0.0715,0.1551,-0.2058,-0.1287,-0.01,0.235,-0.0027,-0.0291
GTC,-0.0344,0.0184,0.0177,-0.1721,-0.2312,-0.0187,-0.1217,-0.5331,-0.059,0.148,0.1464,0.1036,-0.0466
GTG,-0.0838,-0.0638,0.0558,-0.186,-0.2385,0.0082,-0.0047,0.1337,-0.0681,0.0572,0.0629,-0.0218,-0.066
GTT,-0.0228,0.0337,0.0939,-0.0654,-0.1833,0.0627,-0.0124,-0.6076,-0.0835,0.0912,0.0425,0.0372,-0.0395
TAC,-0.0082,0.1083,0.1451,0.03,-0.0998,0.1648,-0.0069,-0.217,-0.0912,0.0725,0.1749,-0.0662,-0.0668
TAT,0.0204,0.1602,0.0872,-0.0096,-0.1343,0.0969,0.0523,-0.3868,-0.1958,-0.0685,-0.0023,-0.1008,-0.0533
TCA,-0.0359,0.01,0.0693,-0.0037,-0.1114,0.0708,0.0949,-0.1754,-0.0631,0.0347,0.1119,-0.0316,-0.0519
TCC,-0.0341,0.0436,-0.0338,-0.1726,-0.245,-0.1128,-0.1033,-0.4189,-0.2219,-0.1347,-0.1255,0.0024,-0.0194
TCG,0.0027,0.0789,-0.0076,-0.1354,-0.1399,-0.0085,0.0104,0.2997,-0.0086,0.1835,0.1763,-0.0914,0.0039
TCT,-0.0048,0.0959,0.0195,-0.1137,-0.1801,-0.0096,-0.0424,-0.5274,-0.2311,-0.1069,-0.1492,-0.0211,-0.0241
TGC,-0.1285,-0.1043,-0.0525,-0.2611,-0.2974,-0.1715,-0.056,0.1971,-0.0959,-0.0614,-0.0068,-0.1151,-0.1027
TGG,-0.0155,0.0795,0.1444,0.0182,-0.2093,0.0908,0.1309,0.5429,-0.0822,0.0424,0.1588,-0.0725,-0.0579
TGT,-0.0096,0.1024,0.0314,-0.1401,-0.2155,-0.0954,-0.0015,-0.4044,-0.1525,0.0075,-0.086,-0.0779,-0.0453
TTA,-0.0507,-0.0057,0.0737,-0.0332,-0.1345,0.036,0.0481,-0.5018,-0.2131,-0.0448,0.0503,-0.1863,-0.0449
TTC,-0.0483,0.1076,0.1141,-0.0409,-0.0872,0.0532,-0.0238,-0.5232,-0.157,-0.0098,0.0146,-0.0709,-0.045
TTG,-0.0452,0.0033,0.1221,-0.0483,-0.1527,0.0747,0.0194,-0.4455,-0.1291,0.0342,0.1143,-0.1595,-0.0459
TTT,-0.0231,0.1039,0.0729,-0.0179,-0.1114,0.0176,-0.0225,-0.5427,-0.2499,-0.071,-0.1276,-0.144,-0.0443
